Código de jugador,Jugador,URL,Categoría,Clase,Contrato,Posición,Fecha de nacimiento,Edad,"Casa Club "
FB-2,Jhon Neid Acurio Ramirez,https://sub21.ligamx.net/cancha/jugador/187428/eyJpZENsdWIiOiAxMzY3NH0=/jhon-neid-acurio-ramirez,Sub 21,B,AP-27,Delantero,01/18/2007,19 años,
FB-3,Juan Jose Usma Cortes,https://sub21.ligamx.net/cancha/jugador/190888/eyJpZENsdWIiOiAxMzY3NH0=/juan-jose-usma-cortes,Sub 21,B,AP-26,Mediocampista,04/24/2006,20 años,
FB-4,José Baldemar Hernández Ibarra,https://sub21.ligamx.net/cancha/jugador/156636/eyJpZENsdWIiOiAxMzY3NH0=/jose-baldemar-hernandez-ibarra,Sub 21,A,CL-27,Extremo,12/02/2005,20 años,Si
FB-5,Mauricio Camarena Zamora,https://sub21.ligamx.net/cancha/jugador/172058/eyJpZENsdWIiOiAxMzY3NH0=/mauricio-camarena-zamora,Sub 21,B,CL-28,Defensa,07/28/2006,20 años,
FB-6,Ian Fernando Olvera Chavarría,https://sub21.ligamx.net/cancha/jugador/163836/eyJpZENsdWIiOiAxMzY3NH0=/ian-fernando-olvera-chavarria,Sub 21,A,AP-29,Defensa,06/15/2008,18 años,
FB-7,José Tomás Flores Guzmán,https://sub21.ligamx.net/cancha/jugador/146761/eyJpZENsdWIiOiAxMzY3NH0=/jose-tomas-flores-guzman,Sub 21,B,CL-28,Defensa,11/08/2005,20 años,Si
FB-8,Alejandro Magallón Fernández,https://sub21.ligamx.net/cancha/jugador/156225/eyJpZENsdWIiOiAxMzY3NH0=/alejandro-magallon-fernandez,Sub 21,A,CL-29,Defensa,01/09/2006,20 años,
FB-9,Óscar Andre Villarreal Jacobo,https://sub21.ligamx.net/cancha/jugador/163433/eyJpZENsdWIiOiAxMzY3NH0=/oscar-andre-villarreal-jacobo,Sub 21,B,CL-28,Mediocampista,09/12/2006,20 años,Si
FB-10,Emanuel Ley Reyes,https://sub21.ligamx.net/cancha/jugador/162951/eyJpZENsdWIiOiAxMzY3NH0=/emanuel-ley-reyes,Sub 21,A,CL-28,Delantero,03/31/2006,20 años,Si
FB-11,Alberto Rivera Oki,https://sub21.ligamx.net/cancha/jugador/179098/eyJpZENsdWIiOiAxMzY3NH0=/alberto-rivera-oki,Sub 21,C,AP-28,Mediocampista,04/17/2006,20 años,
FB-12,Luciano E Farias Reynoso,https://sub21.ligamx.net/cancha/jugador/158252/eyJpZENsdWIiOiAxMzY3NH0=/luciano-e-farias-reynoso,Sub 21,A,CL-27,Extremo,03/01/2008,18 años,
FB-13,Martin Quiñonez Beltrán,https://sub21.ligamx.net/cancha/jugador/160197/eyJpZENsdWIiOiAxMzY3NH0=/martin-quinonez-beltran,Sub 21,B,CL-28,Defensa,05/08/2005,21 años,Si
FB-14,Pablo Sebastián Muñoz Bagazuma,https://sub21.ligamx.net/cancha/jugador/138332/eyJpZENsdWIiOiAxMzY3NH0=/pablo-sebastian-munoz-bagazuma,Sub 21,B,CL-28,Defensa,05/25/2006,20 años,Si
FB-15,Brayan Ricardo Fernández Flores,https://sub21.ligamx.net/cancha/jugador/154991/eyJpZENsdWIiOiAxMzY3NH0=/brayan-ricardo-fernandez-flores,Sub 21,A,AP-28,Defensa,03/20/2007,19 años,
FB-16,José Miguel Corona Rivas,https://sub21.ligamx.net/cancha/jugador/165381/eyJpZENsdWIiOiAxMzY3NH0=/jose-miguel-corona-rivas,Sub 21,A,"CL-27, CL-29",Portero,06/08/2010,16 años,
FB-17,Jesús David Orduño Uribe,https://sub21.ligamx.net/cancha/jugador/158246/eyJpZENsdWIiOiAxMzY3NH0=/jesus-david-orduno-uribe,Sub 21,A,AP-29,Mediocampista,01/19/2009,17 años,
FB-18,José Ángel Quiróz López,https://sub21.ligamx.net/cancha/jugador/138343/eyJpZENsdWIiOiAxMzY3NH0=/jose-angel-quiroz-lopez,Sub 21,A,CL-28,Defensa,10/09/2006,19 años,Si
FB-19,Brayan Omar Félix Ortíz,https://sub21.ligamx.net/cancha/jugador/165260/eyJpZENsdWIiOiAxMzY3NH0=/brayan-omar-felix-ortiz,Sub 21,A,CL-28,Defensa,05/07/2007,19 años,Si
FB-20,Brian Palacios Burgara,https://sub21.ligamx.net/cancha/jugador/160324/eyJpZENsdWIiOiAxMzY3NH0=/brian-palacios-burgara,Sub 21,B,AP-27,Delantero,07/04/2005,21 años,
FB-21,Emiliano Postlethwaite Letayf,https://sub21.ligamx.net/cancha/jugador/181927/eyJpZENsdWIiOiAxMzY3NH0=/emiliano-postlethwaite-letayf,Sub 21,C,CL-27,Defensa,10/12/2006,19 años,
FB-22,Santiago Acosta Aguirre,https://sub21.ligamx.net/cancha/jugador/180231/eyJpZENsdWIiOiAxMzY3NH0=/santiago-acosta-aguirre,Sub 21,B,AP-27,Delantero,04/22/2006,20 años,
FB-23,Juan Pablo Mauricio Gonzalez Cabanillas,https://sub21.ligamx.net/cancha/jugador/170763,Sub 21,C,CL-27,Mediocampista,04/02/2005,21 años,Si
FB-24,Joban González Cera,https://sub21.ligamx.net/cancha/jugador/131445/eyJpZENsdWIiOiAxMzY3NH0=/joban-gonzalez-cera,Sub 21,A,CL-30,Extremo,06/29/2005,21 años,
FB-25,Alberto Dasahe Castillo Tena,https://sub21.ligamx.net/cancha/jugador/156191/eyJpZENsdWIiOiAxMzY3NH0=/alberto-dasahe-castillo-tena,Sub 21,A,CL-27,Extremo,12/27/2008,17 años,
FB-26,Gael Flores Jimenez,https://sub19.ligamx.net/cancha/jugador/181901/eyJpZENsdWIiOiAxMzI5MH0=/gael-flores-jimenez,Sub 19,C,CL-27,Defensa,10/03/2008,18 años,
FB-27,Román Guerrero Malfavón,https://sub19.ligamx.net/cancha/jugador/155033/eyJpZENsdWIiOiAxMzI5MH0=/roman-guerrero-malfavon,Sub 19,A,CL-27,Mediocampista,10/19/2008,17 años,
FB-28,Diego Valenzuela Choza,https://sub19.ligamx.net/cancha/jugador/157951/eyJpZENsdWIiOiAxMzI5MH0=/diego-valenzuela-choza,Sub 19,B,CL-28,Delantero,04/18/2008,18 años,
FB-29,Axel Eduardo Barreras Jimenez,https://sub19.ligamx.net/cancha/jugador/181913/eyJpZENsdWIiOiAxMzI5MH0=/axel-eduardo-barreras-jimenez,Sub 19,B,CL-27,Mediocampista,09/23/2008,18 años,
FB-30,Ricardo Luna Martínez,https://sub19.ligamx.net/cancha/jugador/155022/eyJpZENsdWIiOiAxMzI5MH0=/ricardo-luna-martinez,Sub 19,B,AP-26,Extremo,06/18/2007,19 años,
FB-31,Diego Francisco Bujanda del Cid,https://sub19.ligamx.net/cancha/jugador/176450/eyJpZENsdWIiOiAxMzI5MH0=/diego-francisco-bujanda-del-cid,Sub 19,B,CL-28,Extremo,04/17/2008,18 años,Si
FB-32,Gael Calvo Sauceda,https://sub19.ligamx.net/cancha/jugador/165377/eyJpZENsdWIiOiAxMzI5MH0=/gael-calvo-sauceda,Sub 19,B,AP-28,Mediocampista,02/27/2009,17 años,Si
FB-33,Eduardo Flores Escobar,https://sub19.ligamx.net/cancha/jugador/176303/eyJpZENsdWIiOiAxMzI5MH0=/eduardo-flores-escobar,Sub 19,C,CL-28,Portero,07/28/2008,18 años,
FB-34,Martín Bonilla Galindo,https://sub19.ligamx.net/cancha/jugador/156174/eyJpZENsdWIiOiAxMzI5MH0=/martin-bonilla-galindo,Sub 21,B,CL-27,Delantero,01/17/2008,18 años,
FB-35,Dante Emiliano Caro,https://sub19.ligamx.net/cancha/jugador/162917/eyJpZENsdWIiOiAxMzI5MH0=/dante-emiliano-caro,Sub 17,B,AP-27,Portero,03/29/2009,17 años,
FB-36,Enrique Alexander Domínguez Reyes,https://sub19.ligamx.net/cancha/jugador/158253/eyJpZENsdWIiOiAxMzI5MH0=/enrique-alexander-dominguez-reyes,Sub 19,C,CL-27,Defensa,11/29/2008,17 años,
FB-37,Raúl Alberto Montes Flores,https://sub19.ligamx.net/cancha/jugador/158238/eyJpZENsdWIiOiAxMzI5MH0=/raul-alberto-montes-flores,Sub 19,A,CL-27,Defensa,03/31/2008,18 años,
FB-38,Édgar Isaac Sánchez Pineda,https://sub19.ligamx.net/cancha/jugador/162922/eyJpZENsdWIiOiAxMzI5MH0=/edgar-isaac-sanchez-pineda,Sub 19,C,AP-26,Delantero,04/19/2008,18 años,
FB-39,Juan Ramon Lopez Nevarez,https://sub19.ligamx.net/cancha/jugador/158460/eyJpZENsdWIiOiAxMzI5MH0=/juan-ramon-lopez-nevarez,Sub 19,A,CL-28,Mediocampista,09/12/2008,18 años,Si
FB-40,Carlos Jesús Oximea Huicosa,https://sub19.ligamx.net/cancha/jugador/158810/eyJpZENsdWIiOiAxMzI5MH0=/carlos-jesus-oximea-huicosa,Sub 19,B,CL-27,Extremo,01/01/2007,19 años,Si
FB-41,José Alfredo Encinas Núñez,https://sub19.ligamx.net/cancha/jugador/165491/eyJpZENsdWIiOiAxMzI5MH0=/jose-alfredo-encinas-nunez,Sub 19,B,CL-29,Defensa,04/01/2009,17 años,Si
FB-42,Daniel Ávila Patrón,https://sub19.ligamx.net/cancha/jugador/155001/eyJpZENsdWIiOiAxMzI5MH0=/daniel-avila-patron,Sub 21,A,AP-27,Mediocampista,08/08/2008,18 años,
FB-43,Abraham Reyes Chávez,https://sub19.ligamx.net/cancha/jugador/154978/eyJpZENsdWIiOiAxMzI5MH0=/abraham-reyes-chavez,Sub 19,C,AP-27,Defensa,01/17/2008,18 años,
FB-44,Santiago Díaz Larios,https://sub19.ligamx.net/cancha/jugador/158236/eyJpZENsdWIiOiAxMzI5MH0=/santiago-diaz-larios,Sub 19,B,CL-28,Defensa,03/24/2008,18 años,
FB-45,Daniel Isaac Peraza Muñoz,https://sub19.ligamx.net/cancha/jugador/155136/eyJpZENsdWIiOiAxMzI5MH0=/daniel-isaac-peraza-mu%C3%B1oz,Sub 21,A,AP-29,Extremo,02/24/2007,19 años,
FB-46,Brayan Leonardo Cota Barreras,https://sub19.ligamx.net/cancha/jugador/191938/eyJpZENsdWIiOiAxMzI5MH0=/brayan-leonardo-cota-barreras,Sub 19,B,CL-28,Delantero,04/05/2008,18 años,
FB-47,Emiliano Aviles Martínez,https://sub19.ligamx.net/cancha/jugador/165441/eyJpZENsdWIiOiAxMzI5MH0=/emiliano-aviles-martinez,Sub 19,A,AP-28,Mediocampista,03/09/2009,17 años,
FB-48,Diego Otañez Campos,https://sub19.ligamx.net/cancha/jugador/162912/eyJpZENsdWIiOiAxMzI5MH0=/diego-ota%C3%B1ez-campos,Sub 19,A,CL-28,Delantero,04/10/2009,17 años,
FB-49,Gael Gabriel Guerra Gonzalez,https://sub19.ligamx.net/cancha/jugador/191941/eyJpZENsdWIiOiAxMzI5MH0=/gael-gabriel-guerra-gonzalez,Sub 19,B,CL-28,Delantero,08/23/2008,18 años,
FB-50,Brandon Cuarenta Beltran,https://sub19.ligamx.net/cancha/jugador/154749/eyJpZENsdWIiOiAxMzI5MH0=/brandon-cuarenta-beltran,Sub 19,B,CL-28,Mediocampista,02/15/2007,19 años,
FB-51,Josue Israel Aguilar Sicairos,https://sub19.ligamx.net/cancha/jugador/181922/eyJpZENsdWIiOiAxMzI5MH0=/josue-israel-aguilar-sicairos,Sub 19,B,CL-29,Extremo,02/15/2008,18 años,
FB-52,Alexander Meyer Santamaria,https://sub21.ligamx.net/cancha/jugador/158051/eyJpZENsdWIiOiAxMzY3NH0=/alexander-meyer-santamaria,Sub 19,B,CL-28,Portero,08/01/2008,18 años,Si
FB-53,Jorge Martinez Dedios,https://sub19.ligamx.net/cancha/jugador/191952/eyJpZENsdWIiOiAxMzI5MH0=/jorge-martinez-dedios,Sub 19,B,CL-28,Mediocampista,08/04/2008,18 años,
FB-54,Ósmar González García,https://sub19.ligamx.net/cancha/jugador/158237/eyJpZENsdWIiOiAxMzI5MH0=/osmar-gonzalez-garcia,Sub 19,B,CL-27,Defensa,01/10/2008,18 años,
FB-55,Daniel Alejandro Tirado Osuna,https://sub19.ligamx.net/cancha/jugador/170760/eyJpZENsdWIiOiAxMzI5MH0=/daniel-alejandro-tirado-osuna,Sub 19,B,CL-27,Defensa,12/16/2007,18 años,Si
FB-56,Alexander Eduardo Yanez Cabada,https://sub17.ligamx.net/cancha/jugador/189461/eyJpZENsdWIiOiA1NX0=/alexander-eduardo-yanez-cabada,Sub 17,C,AP-28,Mediocampista,08/04/2010,16 años,Si
FB-57,Santiago Lavenant Valdez,https://sub17.ligamx.net/cancha/jugador/165379/eyJpZENsdWIiOiA1NX0=/santiago-lavenant-valdez,Sub 17,C,CL-29,Defensa,03/06/2009,17 años,
FB-58,Jonathan Román Franco Aguilar,https://sub17.ligamx.net/cancha/jugador/178761/eyJpZENsdWIiOiA1NX0=/jonathan-roman-franco-aguilar,Sub 17,C,AP-27,Portero,05/21/2010,16 años,
FB-59,Alexander Cárdenas Contreras,https://sub17.ligamx.net/cancha/jugador/162911/eyJpZENsdWIiOiA1NX0=/alexander-cardenas-contreras,Sub 19,A,AP-27,Defensa,09/26/2009,17 años,
FB-60,Ruben Alejandro Dennis Blanco,https://sub17.ligamx.net/cancha/jugador/181454/eyJpZENsdWIiOiA1NX0=/ruben-alejandro-dennis-blanco,Sub 19,A,CL-28,Defensa,01/15/2010,16 años,Si
FB-61,Gael Lizárraga Ramírez,https://sub17.ligamx.net/cancha/jugador/165384/eyJpZENsdWIiOiA1NX0=/gael-lizarraga-ramirez,Sub 17,B,CL-29,Extremo,03/25/2009,17 años,
FB-62,Aldo Crosthwaite Gonzalez,https://sub17.ligamx.net/cancha/jugador/181731/eyJpZENsdWIiOiA1NX0=/aldo-crosthwaite-gonzalez,Sub 17,C,CL-28,Defensa,01/11/2010,16 años,
FB-63,Cesar Emilio Cárdenas Gil,https://sub17.ligamx.net/cancha/jugador/181436/eyJpZENsdWIiOiA1NX0=/cesar-emilio-cardenas-gil,Sub 17,B,AP-28,Mediocampista,04/12/2010,16 años,Si
FB-64,Kamilo Becerra Flores,https://sub17.ligamx.net/cancha/jugador/189405/eyJpZENsdWIiOiA1NX0=/kamilo-becerra-flores,Sub 17,B,AP-28,Mediocampista,04/16/2010,16 años,
FB-65,Christian Adrián Fletes Contreras,https://sub17.ligamx.net/cancha/jugador/178766/eyJpZENsdWIiOiA1NX0=/christian-adrian-fletes-contreras,Sub 17,A,AP-27,Mediocampista,05/22/2010,16 años,
FB-66,Jairo Emanuel Cossio Plascencia,https://sub17.ligamx.net/cancha/jugador/191982/eyJpZENsdWIiOiA1NX0=/jairo-emanuel-cossio-plascencia,Sub 17,A,CL-28,Delantero,09/21/2010,16 años,Si
FB-67,Diego Palacios Hernandez,https://sub17.ligamx.net/cancha/jugador/191977/eyJpZENsdWIiOiA1NX0=/diego-palacios-hernandez,Sub 17,B,CL-28,Defensa,07/27/2009,17 años,Si
FB-68,Diego Noé Hernández Cisneros,https://sub17.ligamx.net/cancha/jugador/192026/eyJpZENsdWIiOiA1NX0=/diego-noe-hernandez-cisneros,Sub 17,B,CL-28,Defensa,05/08/2009,17 años,
FB-69,Deud Gerardo Hallal Murguia,https://sub17.ligamx.net/cancha/jugador/157814/eyJpZENsdWIiOiA1NX0=/deud-gerardo-hallal-murguia,Sub 17,B,CL-29,Defensa,09/13/2009,17 años,
FB-70,Sebastián García Vargas,https://sub17.ligamx.net/cancha/jugador/178757/eyJpZENsdWIiOiA1NX0=/sebastian-garcia-vargas,Sub 17,A,AP-27,Portero,02/05/2010,16 años,
FB-71,Miguel Angel Magaña Mondragon,https://sub17.ligamx.net/cancha/jugador/181049/eyJpZENsdWIiOiA1NX0=/miguel-angel-magana-mondragon,Sub 15,B,CL-28,Defensa,03/20/2011,15 años,
FB-72,Iker Yazid Bahena Orejel,https://sub17.ligamx.net/cancha/jugador/181734/eyJpZENsdWIiOiA1NX0=/iker-yazid-bahena-orejel,Sub 17,B,CL-28,Mediocampista,11/04/2010,15 años,
FB-73,Gerardo Salvador González Cárdenas,https://sub17.ligamx.net/cancha/jugador/191944/eyJpZENsdWIiOiA1NX0=/gerardo-salvador-gonzalez-cardenas,Sub 17,A,CL-28,Mediocampista,02/17/2010,16 años,
FB-74,Sebastián González Ruiz,https://sub17.ligamx.net/cancha/jugador/178768/eyJpZENsdWIiOiA1NX0=/sebastian-gonzalez-ruiz,Sub 17,C,AP-27,Mediocampista,01/31/2010,16 años,
FB-75,Karol Sebastián Fierros Fuentes,https://sub17.ligamx.net/cancha/jugador/172173/eyJpZENsdWIiOiA1NX0=/karol-sebastian-fierros-fuentes,Sub 19,A,CL-27,Mediocampista,05/28/2009,17 años,Si
FB-76,Jonathan Alexander Silvas Montes,https://sub17.ligamx.net/cancha/jugador/178652/eyJpZENsdWIiOiA1NX0=/jonathan-alexander-silvas-montes,Sub 17,C,CL-28,Delantero,08/29/2010,16 años,Si
FB-77,Diego Rodríguez García,https://sub17.ligamx.net/cancha/jugador/165503/eyJpZENsdWIiOiA1NX0=/diego-rodriguez-garcia,Sub 19,A,CL-28,Extremo,01/18/2009,17 años,
FB-78,Ricardo Azael Ruíz De Carlo,https://sub17.ligamx.net/cancha/jugador/165502/eyJpZENsdWIiOiA1NX0=/ricardo-azael-ruiz-de-carlo,Sub 17,A,CL-29,Defensa,05/19/2009,17 años,
FB-79,Sebastián Olivarez Villegas,https://sub17.ligamx.net/cancha/jugador/178756/eyJpZENsdWIiOiA1NX0=/sebastian-olivarez-villegas,Sub 19,A,CL-29,Delantero,03/24/2010,16 años,
FB-80,Maximiliano Peñuelas Camacho,https://sub17.ligamx.net/cancha/jugador/165420/eyJpZENsdWIiOiA1NX0=/maximiliano-pe%C3%B1uelas-camacho,Sub 17,A,AP-28,Mediocampista,01/05/2010,16 años,
FB-81,Aleksander Ronaldo González,https://sub17.ligamx.net/cancha/jugador/191971/eyJpZENsdWIiOiA1NX0=/aleksander-ronaldo-gonzalez,Sub 17,B,CL-28,Mediocampista,02/28/2009,17 años,
FB-82,Juan Pablo Franco Valle,https://sub17.ligamx.net/cancha/jugador/165438/eyJpZENsdWIiOiA1NX0=/juan-pablo-franco-valle,Sub 17,B,AP-28,Extremo,01/26/2009,17 años,
FB-83,David Uriarte Parra,https://sub17.ligamx.net/cancha/jugador/191979/eyJpZENsdWIiOiA1NX0=/david-uriarte-parra,Sub 17,B,CL-28,Defensa,06/23/2010,16 años,
FB-84,Jorge Valle Martínez,https://sub17.ligamx.net/cancha/jugador/172489/eyJpZENsdWIiOiA1NX0=/jorge-valle-martinez,Sub 17,B,CL-28,Defensa,09/02/2009,17 años,
FB-85,Brayan Portillo Espinoza,https://sub17.ligamx.net/cancha/jugador/191972/eyJpZENsdWIiOiA1NX0=/brayan-portillo-espinoza,Sub 17,B,CL-28,Delantero,06/24/2010,16 años,Si
FB-86,Carlos Edgardo Cervantes Jr. Rodriguez,https://sub17.ligamx.net/cancha/jugador/181722/eyJpZENsdWIiOiA1NX0=/carlos-edgardo-cervantes-jr-rodriguez,Sub 17,A,CL-28,Defensa,04/07/2010,16 años,
FB-87,Victor Emanuel Montoya Nungaray,https://sub17.ligamx.net/cancha/jugador/191973/eyJpZENsdWIiOiA1NX0=/victor-emanuel-montoya-nungaray,Sub 17,A,CL-28,Extremo,12/12/2009,16 años,Si
FB-88,Jesús Santiago Rodríguez Chavez,https://sub17.ligamx.net/cancha/jugador/164153/eyJpZENsdWIiOiA1NX0=/jesus-santiago-rodriguez-chavez,Sub 17,C,CL-28,Mediocampista,08/08/2009,17 años,Si
FB-89,Christian Delgado Camacho,https://sub17.ligamx.net/cancha/jugador/189398/eyJpZENsdWIiOiA1NX0=/christian-delgado-camacho,Sub 17,B,AP-27,Delantero,07/26/2009,17 años,
FB-90,Emiliano Yescas Dicochea,https://sub17.ligamx.net/cancha/jugador/191975/eyJpZENsdWIiOiA1NX0=/emiliano-yescas-dicochea,Sub 17,C,CL-28,Extremo,08/20/2010,16 años,Si
FB-91,Irving Alberto Zavala Cabrera,https://sub17.ligamx.net/cancha/jugador/191974/eyJpZENsdWIiOiA1NX0=/irving-alberto-zavala-cabrera,Sub 17,A,CL-28,Defensa,10/26/2010,15 años,Si
FB-92,Aldo Yahel Armenta Jusaino,https://sub17.ligamx.net/cancha/jugador/176261/eyJpZENsdWIiOiA1NX0=/aldo-yahel-armenta-jusaino,Sub 17,B,CL-28,Mediocampista,09/11/2009,17 años,Si
FB-95,Iker Eduardo Barroso Montes,https://sub15.ligamx.net/cancha/jugador/191970/eyJpZENsdWIiOiA3Mn0=/iker-eduardo-barroso-montes,Sub 15,A,CL-28,Defensa,05/14/2011,15 años,
FB-127,"Lucas Urquidi García ",https://sub15.ligamx.net/cancha/jugador/191942/eyJpZENsdWIiOiA3Mn0=/lucas-urquidi-garcia,Sub 15,B,,Mediocampista,02/02/2011,15 años,
FB-104,Yago Antonio Gonzalez Diaz,https://sub15.ligamx.net/cancha/jugador/191962/eyJpZENsdWIiOiA3Mn0=/yago-antonio-gonzalez-diaz,Sub 15,A,CL-28,Defensa,02/16/2011,15 años,
FB-111,Axel Nañez Jaramillo,https://sub15.ligamx.net/cancha/jugador/181111/eyJpZENsdWIiOiA3Mn0=/axel-na%C3%B1ez-jaramillo,Sub 15,A,CL-28,Defensa,08/13/2011,15 años,
FB-93,Jose David Aguilar Sicairos,https://sub15.ligamx.net/cancha/jugador/181103/eyJpZENsdWIiOiA3Mn0=/jose-david-aguilar-sicairos,Sub 15,A,CL-29,Mediocampista,06/23/2012,14 años,
FB-109,Alberto Reatiga Gonzalez,https://sub15.ligamx.net/cancha/jugador/191990/eyJpZENsdWIiOiA3Mn0=/alberto-reatiga-gonzalez,Sub 15,A,CL-28,Mediocampista,06/21/2011,15 años,
FB-116,Aden Bermudez Flores,https://sub15.ligamx.net/cancha/jugador/191961/eyJpZENsdWIiOiA3Mn0=/aden-bermudez-flores,Sub 15,A,CL-28,Mediocampista,03/15/2011,15 años,
FB-117,Jesus Andres Iñiguez Ramirez,https://sub15.ligamx.net/cancha/jugador/181150/eyJpZENsdWIiOiA3Mn0=/jesus-andres-iniguez-ramirez,Sub 15,A,CL-28,Extremo,08/18/2011,15 años,
FB-106,Alessio Alberto Rivas Cafalli,https://sub15.ligamx.net/cancha/jugador/191960/eyJpZENsdWIiOiA3Mn0=/alessio-alberto-rivas-cafalli,Sub 15,A,CL-28,Delantero,09/07/2011,15 años,
FB-114,Carlos Emmanuel Mora Guerrero,https://sub15.ligamx.net/cancha/jugador/189456/eyJpZENsdWIiOiA3Mn0=/carlos-emmanuel-mora-guerrero,Sub 15,A,AP-28,Delantero,07/29/2011,15 años,
FB-113,Tadeo Emiliano Duarte Barraza,https://sub15.ligamx.net/cancha/jugador/181203/eyJpZENsdWIiOiA3Mn0=/tadeo-emiliano-duarte-barraza,Sub 15,B,CL-28,Portero,01/17/2011,15 años,
FB-119,Jesus Alfonso Aranda Cordova,https://sub15.ligamx.net/cancha/jugador/189408/eyJpZENsdWIiOiA3Mn0=/jesus-alfonso-aranda-cordova,Sub 15,B,AP-28,Portero,05/30/2011,15 años,
FB-105,Reymundo Eduardo Madrigal Cordova,https://sub15.ligamx.net/cancha/jugador/181104/eyJpZENsdWIiOiA3Mn0=/reymundo-eduardo-madrigal-cordova,Sub 15,B,CL-28,Defensa,07/25/2011,15 años,
FB-94,Xavier Alexis Hernandez Herrera,https://sub15.ligamx.net/cancha/jugador/181116/eyJpZENsdWIiOiA3Mn0=/xavier-alexis-hernandez-herrera,Sub 15,B,AP-28,Mediocampista,01/19/2011,15 años,
FB-97,Josue Alexander Olazaba Perez,https://sub15.ligamx.net/cancha/jugador/181035/eyJpZENsdWIiOiA3Mn0=/josue-alexander-olazaba-perez,Sub 15,B,AP-28,Mediocampista,03/08/2011,15 años,
FB-98,Christopher Alejandro Canett Arellano,https://sub15.ligamx.net/cancha/jugador/189409/eyJpZENsdWIiOiA3Mn0=/christropher-alejandro-canett-arellano,Sub 15,B,AP-28,Mediocampista,03/10/2011,15 años,
FB-100,Matias Nuñez Muciño,https://sub15.ligamx.net/cancha/jugador/181134/eyJpZENsdWIiOiA3Mn0=/matias-nunez-mucino,Sub 15,B,AP-28,Mediocampista,08/16/2011,15 años,
FB-108,Diego Hernandez Durazo,https://sub15.ligamx.net/cancha/jugador/191987/eyJpZENsdWIiOiA3Mn0=/diego-hernandez-durazo,Sub 15,B,CL-28,Mediocampista,10/12/2011,14 años,
FB-96,Jose Emiliano Gomez Espinosa,https://sub15.ligamx.net/cancha/jugador/181059/eyJpZENsdWIiOiA3Mn0=/jose-emiliano-gomez-espinosa,Sub 15,B,AP-28,Extremo,06/15/2011,15 años,
FB-99,Diego Leonel Nieblas Ramos,https://sub15.ligamx.net/cancha/jugador/181137/eyJpZENsdWIiOiA3Mn0=/diego-leonel-nieblas-ramos,Sub 15,B,AP-28,Extremo,02/08/2011,15 años,
FB-121,Loar Susek Lopez Gonzalez,https://sub15.ligamx.net/cancha/jugador/180805/eyJpZENsdWIiOiA3Mn0=/loar-susek-lopez-gonzalez,Sub 15,B,CL-28,Extremo,06/10/2011,15 años,
FB-122,Raul Santiago Armenta Valenzuela,https://sub15.ligamx.net/cancha/jugador/191965/eyJpZENsdWIiOiA3Mn0=/raul-santiago-armenta-valenzuela,Sub 15,B,CL-28,Extremo,08/29/2011,15 años,
FB-107,Mario Montijo,https://sub15.ligamx.net/cancha/jugador/191969/eyJpZENsdWIiOiA3Mn0=/mario-montijo,Sub 15,B,CL-29,Mediocampista,01/14/2012,14 años,
FB-118,Oscar Alexander Jacquez Bedoya,https://sub15.ligamx.net/cancha/jugador/191399/eyJpZENsdWIiOiA3Mn0=/oscar-alexander-jacquez-bedoya,Sub 15,B,CL-29,Delantero,01/15/2012,14 años,
FB-102,Carlos Ivan Murillo Mendoza,https://sub15.ligamx.net/cancha/jugador/191963/eyJpZENsdWIiOiA3Mn0=/carlos-ivan-murillo-mendoza,Sub 15,C,CL-28,Portero,10/04/2011,15 años,
FB-103,Sebastian Aguila Cardenas,https://sub15.ligamx.net/cancha/jugador/191949/eyJpZENsdWIiOiA3Mn0=/sebastian-aguila-cardenas,Sub 15,C,CL-28,Mediocampista,01/19/2011,15 años,
FB-110,Luis Yamir Salgado Zamudio,https://sub15.ligamx.net/cancha/jugador/191959/eyJpZENsdWIiOiA3Mn0=/luis-yamir-salgado-zamudio,Sub 15,C,CL-28,Portero,09/12/2011,15 años,
FB-115,Edgar Mauricio Rios Perez,https://sub15.ligamx.net/cancha/jugador/191981/eyJpZENsdWIiOiA3Mn0=/edgar-mauricio-rios-perez,Sub 15,C,CL-28,Defensa,06/28/2011,15 años,
FB-120,Jesus Emiliano Lopez Prieto,https://sub15.ligamx.net/cancha/jugador/181064/eyJpZENsdWIiOiA3Mn0=/jesus-emiliano-lopez-prieto,Sub 15,C,CL-28,Defensa,05/11/2011,15 años,
FB-112,Edwin Alexis De Jesus Perales,https://sub15.ligamx.net/cancha/jugador/191966/eyJpZENsdWIiOiA3Mn0=/edwin-alexis-de-jesus-perales,Sub 15,C,CL-28,Mediocampista,03/23/2011,15 años,
FB-101,Rene Nuñez Quintero,https://sub15.ligamx.net/cancha/jugador/191968/eyJpZENsdWIiOiA3Mn0=/rene-nunez-quintero,Sub 15,C,CL-28,Extremo,06/21/2011,15 años,
FB-123,Yair Sebastián Navarro González,https://sub17.ligamx.net/cancha/jugador/194856/eyJpZENsdWIiOiA1NX0=/yair-sebastian-navarro-gonzalez,Sub 17,A,CL-28,Mediocampista,03/19/2010,16 años,
FB-124,"Oliver Lopez Aceves ",https://sub17.ligamx.net/cancha/jugador/199891/eyJpZENsdWIiOiA1NX0=/oliver-lopez-aceves,Sub 17,B,CL-28,Portero,07/07/2009,17 años,
FB-125,"Giovanni Anthony Salazar ",https://sub17.ligamx.net/cancha/jugador/200101/eyJpZENsdWIiOiA1NX0=/giovanni-anthony-salazar-campos,Sub 17,B,CL-28,Defensa,01/24/2009,17 años,
FB-126,"Arath Flores Valenzuela ",https://sub19.ligamx.net/cancha/jugador/163608/eyJpZENsdWIiOiAxMzI5MH0=/arath-flores-valenzuela,Sub 19,B,CL-28,Portero,08/19/2007,19 años,