codigo,jugador,categoria,posicion,fecha_nacimiento,edad,url
FB-2,Jhon Neid Acurio Ramirez,Sub 21,Delantero,01/18/2007,19 años,https://sub21.ligamx.net/cancha/jugador/187428/eyJpZENsdWIiOiAxMzY3NH0=/jhon-neid-acurio-ramirez
FB-3,Juan Jose Usma Cortes,Sub 21,Mediocampista,04/24/2006,20 años,https://sub21.ligamx.net/cancha/jugador/190888/eyJpZENsdWIiOiAxMzY3NH0=/juan-jose-usma-cortes
FB-4,José Baldemar Hernández Ibarra,Sub 21,Extremo,12/02/2005,20 años,https://sub21.ligamx.net/cancha/jugador/156636/eyJpZENsdWIiOiAxMzY3NH0=/jose-baldemar-hernandez-ibarra
FB-5,Mauricio Camarena Zamora,Sub 21,Defensa,07/28/2006,20 años,https://sub21.ligamx.net/cancha/jugador/172058/eyJpZENsdWIiOiAxMzY3NH0=/mauricio-camarena-zamora
FB-6,Ian Fernando Olvera Chavarría,Sub 21,Defensa,06/15/2008,18 años,https://sub21.ligamx.net/cancha/jugador/163836/eyJpZENsdWIiOiAxMzY3NH0=/ian-fernando-olvera-chavarria
FB-7,José Tomás Flores Guzmán,Sub 21,Defensa,11/08/2005,20 años,https://sub21.ligamx.net/cancha/jugador/146761/eyJpZENsdWIiOiAxMzY3NH0=/jose-tomas-flores-guzman
FB-8,Alejandro Magallón Fernández,Sub 21,Defensa,01/09/2006,20 años,https://sub21.ligamx.net/cancha/jugador/156225/eyJpZENsdWIiOiAxMzY3NH0=/alejandro-magallon-fernandez
FB-9,Óscar Andre Villarreal Jacobo,Sub 21,Mediocampista,09/12/2006,20 años,https://sub21.ligamx.net/cancha/jugador/163433/eyJpZENsdWIiOiAxMzY3NH0=/oscar-andre-villarreal-jacobo
FB-10,Emanuel Ley Reyes,Sub 21,Delantero,03/31/2006,20 años,https://sub21.ligamx.net/cancha/jugador/162951/eyJpZENsdWIiOiAxMzY3NH0=/emanuel-ley-reyes
FB-11,Alberto Rivera Oki,Sub 21,Mediocampista,04/17/2006,20 años,https://sub21.ligamx.net/cancha/jugador/179098/eyJpZENsdWIiOiAxMzY3NH0=/alberto-rivera-oki
FB-12,Luciano E Farias Reynoso,Sub 21,Extremo,03/01/2008,18 años,https://sub21.ligamx.net/cancha/jugador/158252/eyJpZENsdWIiOiAxMzY3NH0=/luciano-e-farias-reynoso
FB-13,Martin Quiñonez Beltrán,Sub 21,Defensa,05/08/2005,21 años,https://sub21.ligamx.net/cancha/jugador/160197/eyJpZENsdWIiOiAxMzY3NH0=/martin-quinonez-beltran
FB-14,Pablo Sebastián Muñoz Bagazuma,Sub 21,Defensa,05/25/2006,20 años,https://sub21.ligamx.net/cancha/jugador/138332/eyJpZENsdWIiOiAxMzY3NH0=/pablo-sebastian-munoz-bagazuma
FB-15,Brayan Ricardo Fernández Flores,Sub 21,Defensa,03/20/2007,19 años,https://sub21.ligamx.net/cancha/jugador/154991/eyJpZENsdWIiOiAxMzY3NH0=/brayan-ricardo-fernandez-flores
FB-16,José Miguel Corona Rivas,Sub 21,Portero,06/08/2010,16 años,https://sub21.ligamx.net/cancha/jugador/165381/eyJpZENsdWIiOiAxMzY3NH0=/jose-miguel-corona-rivas
FB-17,Jesús David Orduño Uribe,Sub 21,Mediocampista,01/19/2009,17 años,https://sub21.ligamx.net/cancha/jugador/158246/eyJpZENsdWIiOiAxMzY3NH0=/jesus-david-orduno-uribe
FB-18,José Ángel Quiróz López,Sub 21,Defensa,10/09/2006,19 años,https://sub21.ligamx.net/cancha/jugador/138343/eyJpZENsdWIiOiAxMzY3NH0=/jose-angel-quiroz-lopez
FB-19,Brayan Omar Félix Ortíz,Sub 21,Defensa,05/07/2007,19 años,https://sub21.ligamx.net/cancha/jugador/165260/eyJpZENsdWIiOiAxMzY3NH0=/brayan-omar-felix-ortiz
FB-20,Brian Palacios Burgara,Sub 21,Delantero,07/04/2005,21 años,https://sub21.ligamx.net/cancha/jugador/160324/eyJpZENsdWIiOiAxMzY3NH0=/brian-palacios-burgara
FB-21,Emiliano Postlethwaite Letayf,Sub 21,Defensa,10/12/2006,19 años,https://sub21.ligamx.net/cancha/jugador/181927/eyJpZENsdWIiOiAxMzY3NH0=/emiliano-postlethwaite-letayf
FB-22,Santiago Acosta Aguirre,Sub 21,Delantero,04/22/2006,20 años,https://sub21.ligamx.net/cancha/jugador/180231/eyJpZENsdWIiOiAxMzY3NH0=/santiago-acosta-aguirre
FB-23,Juan Pablo Mauricio Gonzalez Cabanillas,Sub 21,Mediocampista,04/02/2005,21 años,https://sub21.ligamx.net/cancha/jugador/170763
FB-24,Joban González Cera,Sub 21,Extremo,06/29/2005,21 años,https://sub21.ligamx.net/cancha/jugador/131445/eyJpZENsdWIiOiAxMzY3NH0=/joban-gonzalez-cera
FB-25,Alberto Dasahe Castillo Tena,Sub 21,Extremo,12/27/2008,17 años,https://sub21.ligamx.net/cancha/jugador/156191/eyJpZENsdWIiOiAxMzY3NH0=/alberto-dasahe-castillo-tena
FB-26,Gael Flores Jimenez,Sub 19,Defensa,10/03/2008,17 años,https://sub19.ligamx.net/cancha/jugador/181901/eyJpZENsdWIiOiAxMzI5MH0=/gael-flores-jimenez
FB-27,Román Guerrero Malfavón,Sub 19,Mediocampista,10/19/2008,17 años,https://sub19.ligamx.net/cancha/jugador/155033/eyJpZENsdWIiOiAxMzI5MH0=/roman-guerrero-malfavon
FB-28,Diego Valenzuela Choza,Sub 19,Delantero,04/18/2008,18 años,https://sub19.ligamx.net/cancha/jugador/157951/eyJpZENsdWIiOiAxMzI5MH0=/diego-valenzuela-choza
FB-29,Axel Eduardo Barreras Jimenez,Sub 19,Mediocampista,09/23/2008,18 años,https://sub19.ligamx.net/cancha/jugador/181913/eyJpZENsdWIiOiAxMzI5MH0=/axel-eduardo-barreras-jimenez
FB-30,Ricardo Luna Martínez,Sub 19,Extremo,06/18/2007,19 años,https://sub19.ligamx.net/cancha/jugador/155022/eyJpZENsdWIiOiAxMzI5MH0=/ricardo-luna-martinez
FB-31,Diego Francisco Bujanda del Cid,Sub 19,Extremo,04/17/2008,18 años,https://sub19.ligamx.net/cancha/jugador/176450/eyJpZENsdWIiOiAxMzI5MH0=/diego-francisco-bujanda-del-cid
FB-32,Gael Calvo Sauceda,Sub 19,Mediocampista,02/27/2009,17 años,https://sub19.ligamx.net/cancha/jugador/165377/eyJpZENsdWIiOiAxMzI5MH0=/gael-calvo-sauceda
FB-33,Eduardo Flores Escobar,Sub 19,Portero,07/28/2008,18 años,https://sub19.ligamx.net/cancha/jugador/176303/eyJpZENsdWIiOiAxMzI5MH0=/eduardo-flores-escobar
FB-34,Martín Bonilla Galindo,Sub 21,Delantero,01/17/2008,18 años,https://sub19.ligamx.net/cancha/jugador/156174/eyJpZENsdWIiOiAxMzI5MH0=/martin-bonilla-galindo
FB-35,Dante Emiliano Caro,Sub 17,Portero,03/29/2009,17 años,https://sub19.ligamx.net/cancha/jugador/162917/eyJpZENsdWIiOiAxMzI5MH0=/dante-emiliano-caro
FB-36,Enrique Alexander Domínguez Reyes,Sub 19,Defensa,11/29/2008,17 años,https://sub19.ligamx.net/cancha/jugador/158253/eyJpZENsdWIiOiAxMzI5MH0=/enrique-alexander-dominguez-reyes
FB-37,Raúl Alberto Montes Flores,Sub 19,Defensa,03/31/2008,18 años,https://sub19.ligamx.net/cancha/jugador/158238/eyJpZENsdWIiOiAxMzI5MH0=/raul-alberto-montes-flores
FB-38,Édgar Isaac Sánchez Pineda,Sub 19,Delantero,04/19/2008,18 años,https://sub19.ligamx.net/cancha/jugador/162922/eyJpZENsdWIiOiAxMzI5MH0=/edgar-isaac-sanchez-pineda
FB-39,Juan Ramon Lopez Nevarez,Sub 19,Mediocampista,09/12/2008,18 años,https://sub19.ligamx.net/cancha/jugador/158460/eyJpZENsdWIiOiAxMzI5MH0=/juan-ramon-lopez-nevarez
FB-40,Carlos Jesús Oximea Huicosa,Sub 19,Extremo,01/01/2007,19 años,https://sub19.ligamx.net/cancha/jugador/158810/eyJpZENsdWIiOiAxMzI5MH0=/carlos-jesus-oximea-huicosa
FB-41,José Alfredo Encinas Núñez,Sub 19,Defensa,04/01/2009,17 años,https://sub19.ligamx.net/cancha/jugador/165491/eyJpZENsdWIiOiAxMzI5MH0=/jose-alfredo-encinas-nunez
FB-42,Daniel Ávila Patrón,Sub 21,Mediocampista,08/08/2008,18 años,https://sub19.ligamx.net/cancha/jugador/155001/eyJpZENsdWIiOiAxMzI5MH0=/daniel-avila-patron
FB-43,Abraham Reyes Chávez,Sub 19,Defensa,01/17/2008,18 años,https://sub19.ligamx.net/cancha/jugador/154978/eyJpZENsdWIiOiAxMzI5MH0=/abraham-reyes-chavez
FB-44,Santiago Díaz Larios,Sub 19,Defensa,03/24/2008,18 años,https://sub19.ligamx.net/cancha/jugador/158236/eyJpZENsdWIiOiAxMzI5MH0=/santiago-diaz-larios
FB-45,Daniel Isaac Peraza Muñoz,Sub 21,Extremo,02/24/2007,19 años,https://sub19.ligamx.net/cancha/jugador/155136/eyJpZENsdWIiOiAxMzI5MH0=/daniel-isaac-peraza-mu%C3%B1oz
FB-46,Brayan Leonardo Cota Barreras,Sub 19,Delantero,04/05/2008,18 años,https://sub19.ligamx.net/cancha/jugador/191938/eyJpZENsdWIiOiAxMzI5MH0=/brayan-leonardo-cota-barreras
FB-47,Emiliano Aviles Martínez,Sub 19,Mediocampista,03/09/2009,17 años,https://sub19.ligamx.net/cancha/jugador/165441/eyJpZENsdWIiOiAxMzI5MH0=/emiliano-aviles-martinez
FB-48,Diego Otañez Campos,Sub 19,Delantero,04/10/2009,17 años,https://sub19.ligamx.net/cancha/jugador/162912/eyJpZENsdWIiOiAxMzI5MH0=/diego-ota%C3%B1ez-campos
FB-49,Gael Gabriel Guerra Gonzalez,Sub 19,Delantero,08/23/2008,18 años,https://sub19.ligamx.net/cancha/jugador/191941/eyJpZENsdWIiOiAxMzI5MH0=/gael-gabriel-guerra-gonzalez
FB-50,Brandon Cuarenta Beltran,Sub 19,Mediocampista,02/15/2007,19 años,https://sub19.ligamx.net/cancha/jugador/154749/eyJpZENsdWIiOiAxMzI5MH0=/brandon-cuarenta-beltran
FB-51,Josue Israel Aguilar Sicairos,Sub 19,Extremo,02/15/2008,18 años,https://sub19.ligamx.net/cancha/jugador/181922/eyJpZENsdWIiOiAxMzI5MH0=/josue-israel-aguilar-sicairos
FB-52,Alexander Meyer Santamaria,Sub 19,Portero,08/01/2008,18 años,https://sub21.ligamx.net/cancha/jugador/158051/eyJpZENsdWIiOiAxMzY3NH0=/alexander-meyer-santamaria
FB-53,Jorge Martinez Dedios,Sub 19,Mediocampista,08/04/2008,18 años,https://sub19.ligamx.net/cancha/jugador/191952/eyJpZENsdWIiOiAxMzI5MH0=/jorge-martinez-dedios
FB-54,Ósmar González García,Sub 19,Defensa,01/10/2008,18 años,https://sub19.ligamx.net/cancha/jugador/158237/eyJpZENsdWIiOiAxMzI5MH0=/osmar-gonzalez-garcia
FB-55,Daniel Alejandro Tirado Osuna,Sub 19,Defensa,12/16/2007,18 años,https://sub19.ligamx.net/cancha/jugador/170760/eyJpZENsdWIiOiAxMzI5MH0=/daniel-alejandro-tirado-osuna
FB-56,Alexander Eduardo Yanez Cabada,Sub 17,Mediocampista,08/04/2010,16 años,https://sub17.ligamx.net/cancha/jugador/189461/eyJpZENsdWIiOiA1NX0=/alexander-eduardo-yanez-cabada
FB-57,Santiago Lavenant Valdez,Sub 17,Defensa,03/06/2009,17 años,https://sub17.ligamx.net/cancha/jugador/165379/eyJpZENsdWIiOiA1NX0=/santiago-lavenant-valdez
FB-58,Jonathan Román Franco Aguilar,Sub 17,Portero,05/21/2010,16 años,https://sub17.ligamx.net/cancha/jugador/178761/eyJpZENsdWIiOiA1NX0=/jonathan-roman-franco-aguilar
FB-59,Alexander Cárdenas Contreras,Sub 19,Defensa,09/26/2009,17 años,https://sub17.ligamx.net/cancha/jugador/162911/eyJpZENsdWIiOiA1NX0=/alexander-cardenas-contreras
FB-60,Ruben Alejandro Dennis Blanco,Sub 19,Defensa,01/15/2010,16 años,https://sub17.ligamx.net/cancha/jugador/181454/eyJpZENsdWIiOiA1NX0=/ruben-alejandro-dennis-blanco
FB-61,Gael Lizárraga Ramírez,Sub 17,Extremo,03/25/2009,17 años,https://sub17.ligamx.net/cancha/jugador/165384/eyJpZENsdWIiOiA1NX0=/gael-lizarraga-ramirez
FB-62,Aldo Crosthwaite Gonzalez,Sub 17,Defensa,01/11/2010,16 años,https://sub17.ligamx.net/cancha/jugador/181731/eyJpZENsdWIiOiA1NX0=/aldo-crosthwaite-gonzalez
FB-63,Cesar Emilio Cárdenas Gil,Sub 17,Mediocampista,04/12/2010,16 años,https://sub17.ligamx.net/cancha/jugador/181436/eyJpZENsdWIiOiA1NX0=/cesar-emilio-cardenas-gil
FB-64,Kamilo Becerra Flores,Sub 17,Mediocampista,04/16/2010,16 años,https://sub17.ligamx.net/cancha/jugador/189405/eyJpZENsdWIiOiA1NX0=/kamilo-becerra-flores
FB-65,Christian Adrián Fletes Contreras,Sub 17,Mediocampista,05/22/2010,16 años,https://sub17.ligamx.net/cancha/jugador/178766/eyJpZENsdWIiOiA1NX0=/christian-adrian-fletes-contreras
FB-66,Jairo Emanuel Cossio Plascencia,Sub 17,Delantero,09/21/2010,16 años,https://sub17.ligamx.net/cancha/jugador/191982/eyJpZENsdWIiOiA1NX0=/jairo-emanuel-cossio-plascencia
FB-67,Diego Palacios Hernandez,Sub 17,Defensa,07/27/2009,17 años,https://sub17.ligamx.net/cancha/jugador/191977/eyJpZENsdWIiOiA1NX0=/diego-palacios-hernandez
FB-68,Diego Noé Hernández Cisneros,Sub 17,Defensa,05/08/2009,17 años,https://sub17.ligamx.net/cancha/jugador/192026/eyJpZENsdWIiOiA1NX0=/diego-noe-hernandez-cisneros
FB-69,Deud Gerardo Hallal Murguia,Sub 17,Defensa,09/13/2009,17 años,https://sub17.ligamx.net/cancha/jugador/157814/eyJpZENsdWIiOiA1NX0=/deud-gerardo-hallal-murguia
FB-70,Sebastián García Vargas,Sub 17,Portero,02/05/2010,16 años,https://sub17.ligamx.net/cancha/jugador/178757/eyJpZENsdWIiOiA1NX0=/sebastian-garcia-vargas
FB-71,Miguel Angel Magaña Mondragon,Sub 15,Defensa,03/20/2011,15 años,https://sub17.ligamx.net/cancha/jugador/181049/eyJpZENsdWIiOiA1NX0=/miguel-angel-magana-mondragon
FB-72,Iker Yazid Bahena Orejel,Sub 17,Mediocampista,11/04/2010,15 años,https://sub17.ligamx.net/cancha/jugador/181734/eyJpZENsdWIiOiA1NX0=/iker-yazid-bahena-orejel
FB-73,Gerardo Salvador González Cárdenas,Sub 17,Mediocampista,02/17/2010,16 años,https://sub17.ligamx.net/cancha/jugador/191944/eyJpZENsdWIiOiA1NX0=/gerardo-salvador-gonzalez-cardenas
FB-74,Sebastián González Ruiz,Sub 17,Mediocampista,01/31/2010,16 años,https://sub17.ligamx.net/cancha/jugador/178768/eyJpZENsdWIiOiA1NX0=/sebastian-gonzalez-ruiz
FB-75,Karol Sebastián Fierros Fuentes,Sub 19,Mediocampista,05/28/2009,17 años,https://sub17.ligamx.net/cancha/jugador/172173/eyJpZENsdWIiOiA1NX0=/karol-sebastian-fierros-fuentes
FB-76,Jonathan Alexander Silvas Montes,Sub 17,Delantero,08/29/2010,16 años,https://sub17.ligamx.net/cancha/jugador/178652/eyJpZENsdWIiOiA1NX0=/jonathan-alexander-silvas-montes
FB-77,Diego Rodríguez García,Sub 19,Extremo,01/18/2009,17 años,https://sub17.ligamx.net/cancha/jugador/165503/eyJpZENsdWIiOiA1NX0=/diego-rodriguez-garcia
FB-78,Ricardo Azael Ruíz De Carlo,Sub 17,Defensa,05/19/2009,17 años,https://sub17.ligamx.net/cancha/jugador/165502/eyJpZENsdWIiOiA1NX0=/ricardo-azael-ruiz-de-carlo
FB-79,Sebastián Olivarez Villegas,Sub 19,Delantero,03/24/2010,16 años,https://sub17.ligamx.net/cancha/jugador/178756/eyJpZENsdWIiOiA1NX0=/sebastian-olivarez-villegas
FB-80,Maximiliano Peñuelas Camacho,Sub 17,Mediocampista,01/05/2010,16 años,https://sub17.ligamx.net/cancha/jugador/165420/eyJpZENsdWIiOiA1NX0=/maximiliano-pe%C3%B1uelas-camacho
FB-81,Aleksander Ronaldo González,Sub 17,Mediocampista,02/28/2009,17 años,https://sub17.ligamx.net/cancha/jugador/191971/eyJpZENsdWIiOiA1NX0=/aleksander-ronaldo-gonzalez
FB-82,Juan Pablo Franco Valle,Sub 17,Extremo,01/26/2009,17 años,https://sub17.ligamx.net/cancha/jugador/165438/eyJpZENsdWIiOiA1NX0=/juan-pablo-franco-valle
FB-83,David Uriarte Parra,Sub 17,Defensa,06/23/2010,16 años,https://sub17.ligamx.net/cancha/jugador/191979/eyJpZENsdWIiOiA1NX0=/david-uriarte-parra
FB-84,Jorge Valle Martínez,Sub 17,Defensa,09/02/2009,17 años,https://sub17.ligamx.net/cancha/jugador/172489/eyJpZENsdWIiOiA1NX0=/jorge-valle-martinez
FB-85,Brayan Portillo Espinoza,Sub 17,Delantero,06/24/2010,16 años,https://sub17.ligamx.net/cancha/jugador/191972/eyJpZENsdWIiOiA1NX0=/brayan-portillo-espinoza
FB-86,Carlos Edgardo Cervantes Jr. Rodriguez,Sub 17,Defensa,04/07/2010,16 años,https://sub17.ligamx.net/cancha/jugador/181722/eyJpZENsdWIiOiA1NX0=/carlos-edgardo-cervantes-jr-rodriguez
FB-87,Victor Emanuel Montoya Nungaray,Sub 17,Extremo,12/12/2009,16 años,https://sub17.ligamx.net/cancha/jugador/191973/eyJpZENsdWIiOiA1NX0=/victor-emanuel-montoya-nungaray
FB-88,Jesús Santiago Rodríguez Chavez,Sub 17,Mediocampista,08/08/2009,17 años,https://sub17.ligamx.net/cancha/jugador/164153/eyJpZENsdWIiOiA1NX0=/jesus-santiago-rodriguez-chavez
FB-89,Christian Delgado Camacho,Sub 17,Delantero,07/26/2009,17 años,https://sub17.ligamx.net/cancha/jugador/189398/eyJpZENsdWIiOiA1NX0=/christian-delgado-camacho
FB-90,Emiliano Yescas Dicochea,Sub 17,Extremo,08/20/2010,16 años,https://sub17.ligamx.net/cancha/jugador/191975/eyJpZENsdWIiOiA1NX0=/emiliano-yescas-dicochea
FB-91,Irving Alberto Zavala Cabrera,Sub 17,Defensa,10/26/2010,15 años,https://sub17.ligamx.net/cancha/jugador/191974/eyJpZENsdWIiOiA1NX0=/irving-alberto-zavala-cabrera
FB-92,Aldo Yahel Armenta Jusaino,Sub 17,Mediocampista,09/11/2009,17 años,https://sub17.ligamx.net/cancha/jugador/176261/eyJpZENsdWIiOiA1NX0=/aldo-yahel-armenta-jusaino
FB-95,Iker Eduardo Barroso Montes,Sub 15,Defensa,05/14/2011,15 años,https://sub15.ligamx.net/cancha/jugador/191970/eyJpZENsdWIiOiA3Mn0=/iker-eduardo-barroso-montes
FB-127,Lucas Urquidi García,Sub 15,Mediocampista,02/02/2011,15 años,https://sub15.ligamx.net/cancha/jugador/191942/eyJpZENsdWIiOiA3Mn0=/lucas-urquidi-garcia
FB-104,Yago Antonio Gonzalez Diaz,Sub 15,Defensa,02/16/2011,15 años,https://sub15.ligamx.net/cancha/jugador/191962/eyJpZENsdWIiOiA3Mn0=/yago-antonio-gonzalez-diaz
FB-111,Axel Nañez Jaramillo,Sub 15,Defensa,08/13/2011,15 años,https://sub15.ligamx.net/cancha/jugador/181111/eyJpZENsdWIiOiA3Mn0=/axel-na%C3%B1ez-jaramillo
FB-93,Jose David Aguilar Sicairos,Sub 15,Mediocampista,06/23/2012,14 años,https://sub15.ligamx.net/cancha/jugador/181103/eyJpZENsdWIiOiA3Mn0=/jose-david-aguilar-sicairos
FB-109,Alberto Reatiga Gonzalez,Sub 15,Mediocampista,06/21/2011,15 años,https://sub15.ligamx.net/cancha/jugador/191990/eyJpZENsdWIiOiA3Mn0=/alberto-reatiga-gonzalez
FB-116,Aden Bermudez Flores,Sub 15,Mediocampista,03/15/2011,15 años,https://sub15.ligamx.net/cancha/jugador/191961/eyJpZENsdWIiOiA3Mn0=/aden-bermudez-flores
FB-117,Jesus Andres Iñiguez Ramirez,Sub 15,Extremo,08/18/2011,15 años,https://sub15.ligamx.net/cancha/jugador/181150/eyJpZENsdWIiOiA3Mn0=/jesus-andres-iniguez-ramirez
FB-106,Alessio Alberto Rivas Cafalli,Sub 15,Delantero,09/07/2011,15 años,https://sub15.ligamx.net/cancha/jugador/191960/eyJpZENsdWIiOiA3Mn0=/alessio-alberto-rivas-cafalli
FB-114,Carlos Emmanuel Mora Guerrero,Sub 15,Delantero,07/29/2011,15 años,https://sub15.ligamx.net/cancha/jugador/189456/eyJpZENsdWIiOiA3Mn0=/carlos-emmanuel-mora-guerrero
FB-113,Tadeo Emiliano Duarte Barraza,Sub 15,Portero,01/17/2011,15 años,https://sub15.ligamx.net/cancha/jugador/181203/eyJpZENsdWIiOiA3Mn0=/tadeo-emiliano-duarte-barraza
FB-119,Jesus Alfonso Aranda Cordova,Sub 15,Portero,05/30/2011,15 años,https://sub15.ligamx.net/cancha/jugador/189408/eyJpZENsdWIiOiA3Mn0=/jesus-alfonso-aranda-cordova
FB-105,Reymundo Eduardo Madrigal Cordova,Sub 15,Defensa,07/25/2011,15 años,https://sub15.ligamx.net/cancha/jugador/181104/eyJpZENsdWIiOiA3Mn0=/reymundo-eduardo-madrigal-cordova
FB-94,Xavier Alexis Hernandez Herrera,Sub 15,Mediocampista,01/19/2011,15 años,https://sub15.ligamx.net/cancha/jugador/181116/eyJpZENsdWIiOiA3Mn0=/xavier-alexis-hernandez-herrera
FB-97,Josue Alexander Olazaba Perez,Sub 15,Mediocampista,03/08/2011,15 años,https://sub15.ligamx.net/cancha/jugador/181035/eyJpZENsdWIiOiA3Mn0=/josue-alexander-olazaba-perez
FB-98,Christopher Alejandro Canett Arellano,Sub 15,Mediocampista,03/10/2011,15 años,https://sub15.ligamx.net/cancha/jugador/189409/eyJpZENsdWIiOiA3Mn0=/christropher-alejandro-canett-arellano
FB-100,Matias Nuñez Muciño,Sub 15,Mediocampista,08/16/2011,15 años,https://sub15.ligamx.net/cancha/jugador/181134/eyJpZENsdWIiOiA3Mn0=/matias-nunez-mucino
FB-108,Diego Hernandez Durazo,Sub 15,Mediocampista,10/12/2011,14 años,https://sub15.ligamx.net/cancha/jugador/191987/eyJpZENsdWIiOiA3Mn0=/diego-hernandez-durazo
FB-96,Jose Emiliano Gomez Espinosa,Sub 15,Extremo,06/15/2011,15 años,https://sub15.ligamx.net/cancha/jugador/181059/eyJpZENsdWIiOiA3Mn0=/jose-emiliano-gomez-espinosa
FB-99,Diego Leonel Nieblas Ramos,Sub 15,Extremo,02/08/2011,15 años,https://sub15.ligamx.net/cancha/jugador/181137/eyJpZENsdWIiOiA3Mn0=/diego-leonel-nieblas-ramos
FB-121,Loar Susek Lopez Gonzalez,Sub 15,Extremo,06/10/2011,15 años,https://sub15.ligamx.net/cancha/jugador/180805/eyJpZENsdWIiOiA3Mn0=/loar-susek-lopez-gonzalez
FB-122,Raul Santiago Armenta Valenzuela,Sub 15,Extremo,08/29/2011,15 años,https://sub15.ligamx.net/cancha/jugador/191965/eyJpZENsdWIiOiA3Mn0=/raul-santiago-armenta-valenzuela
FB-107,Mario Montijo,Sub 15,Mediocampista,01/14/2012,14 años,https://sub15.ligamx.net/cancha/jugador/191969/eyJpZENsdWIiOiA3Mn0=/mario-montijo
FB-118,Oscar Alexander Jacquez Bedoya,Sub 15,Delantero,01/15/2012,14 años,https://sub15.ligamx.net/cancha/jugador/191399/eyJpZENsdWIiOiA3Mn0=/oscar-alexander-jacquez-bedoya
FB-102,Carlos Ivan Murillo Mendoza,Sub 15,Portero,10/04/2011,14 años,https://sub15.ligamx.net/cancha/jugador/191963/eyJpZENsdWIiOiA3Mn0=/carlos-ivan-murillo-mendoza
FB-103,Sebastian Aguila Cardenas,Sub 15,Mediocampista,01/19/2011,15 años,https://sub15.ligamx.net/cancha/jugador/191949/eyJpZENsdWIiOiA3Mn0=/sebastian-aguila-cardenas
FB-110,Luis Yamir Salgado Zamudio,Sub 15,Portero,09/12/2011,15 años,https://sub15.ligamx.net/cancha/jugador/191959/eyJpZENsdWIiOiA3Mn0=/luis-yamir-salgado-zamudio
FB-115,Edgar Mauricio Rios Perez,Sub 15,Defensa,06/28/2011,15 años,https://sub15.ligamx.net/cancha/jugador/191981/eyJpZENsdWIiOiA3Mn0=/edgar-mauricio-rios-perez
FB-120,Jesus Emiliano Lopez Prieto,Sub 15,Defensa,05/11/2011,15 años,https://sub15.ligamx.net/cancha/jugador/181064/eyJpZENsdWIiOiA3Mn0=/jesus-emiliano-lopez-prieto
FB-112,Edwin Alexis De Jesus Perales,Sub 15,Mediocampista,03/23/2011,15 años,https://sub15.ligamx.net/cancha/jugador/191966/eyJpZENsdWIiOiA3Mn0=/edwin-alexis-de-jesus-perales
FB-101,Rene Nuñez Quintero,Sub 15,Extremo,06/21/2011,15 años,https://sub15.ligamx.net/cancha/jugador/191968/eyJpZENsdWIiOiA3Mn0=/rene-nunez-quintero
FB-123,Yair Sebastián Navarro González,Sub 17,Mediocampista,03/19/2010,16 años,https://sub17.ligamx.net/cancha/jugador/194856/eyJpZENsdWIiOiA1NX0=/yair-sebastian-navarro-gonzalez
FB-124,Oliver Lopez Aceves,Sub 17,Portero,07/07/2009,17 años,https://sub17.ligamx.net/cancha/jugador/199891/eyJpZENsdWIiOiA1NX0=/oliver-lopez-aceves
FB-125,Giovanni Anthony Salazar,Sub 17,Defensa,01/24/2009,17 años,https://sub17.ligamx.net/cancha/jugador/200101/eyJpZENsdWIiOiA1NX0=/giovanni-anthony-salazar-campos
FB-126,Arath Flores Valenzuela,Sub 19,Portero,08/19/2007,19 años,https://sub19.ligamx.net/cancha/jugador/163608/eyJpZENsdWIiOiAxMzI5MH0=/arath-flores-valenzuela
